CHROM,POS,ID,REF,ALT,EFFECTS,IMPACTS,GENES,HGVS_P,N_MATCHING_ANN,r2_lead
9,62293721,.,T,G,missense_variant,MODERATE,Sobic.009G249700,p.Ile446Arg,1,0.9231846241292477
9,62336257,.,C,G,missense_variant,MODERATE,Sobic.009G250000,p.Ala40Pro,1,0.6805393977085403
9,62345209,.,A,G,missense_variant,MODERATE,Sobic.009G250100,p.Ile349Met,1,0.5443560287715291
9,62392090,.,C,G,missense_variant,MODERATE,Sobic.009G250900,p.Gly514Arg,1,0.5075505850790781
9,62428851,.,T,C,missense_variant,MODERATE,Sobic.009G251200,p.Ser269Gly,1,0.4443617337226667
9,62462995,.,G,A,missense_variant,MODERATE,Sobic.009G251500,p.Ser85Leu,1,0.4157951230296813
9,62136313,.,CAGCGGA,C,disruptive_inframe_deletion,MODERATE,Sobic.009G248100,p.Pro106_Leu107del,1,0.37763977483471756
9,62276551,.,C,A,missense_variant,MODERATE,Sobic.009G249600,p.Ala191Ser,1,0.32357473207310505
9,62265543,.,G,C,missense_variant,MODERATE,Sobic.009G249400,p.Arg699Pro,1,0.2717106798246458
9,62470864,.,A,G,missense_variant,MODERATE,Sobic.009G251700,p.Leu32Pro,1,0.23840732015225785
9,62142843,.,C,A,missense_variant,MODERATE,Sobic.009G248200,p.His18Asn,1,0.17035464803504477
9,62136552,.,T,C,missense_variant,MODERATE,Sobic.009G248100,p.Thr28Ala,1,0.16021776764629045
9,62136547,.,T,G,missense_variant,MODERATE,Sobic.009G248100,p.Glu29Asp,1,0.158513961107218
9,62276872,.,T,A,missense_variant,MODERATE,Sobic.009G249600,p.Thr84Ser,1,0.1378721875935385
9,62135962,.,TGTC,T,disruptive_inframe_deletion,MODERATE,Sobic.009G248100,p.Thr224del,1,0.1285731729405858
9,62345556,.,A,G,missense_variant,MODERATE,Sobic.009G250100,p.Lys465Arg,1,0.1263521880301172
9,62277183,.,C,G,missense_variant,MODERATE,Sobic.009G249600,p.Ala13Pro,1,0.12214658951408018
9,62345208,.,T,A,missense_variant,MODERATE,Sobic.009G250100,p.Ile349Lys,1,0.11803644637220262
9,62345991,.,T,A,missense_variant,MODERATE,Sobic.009G250100,p.Val610Glu,1,0.11744508541037642
9,62345878,.,G,C,missense_variant,MODERATE,Sobic.009G250100,p.Met572Ile,1,0.11606867399628328
9,62345492,.,G,A,missense_variant,MODERATE,Sobic.009G250100,p.Glu444Lys,1,0.11265017183889964
9,62384208,.,C,A,missense_variant,MODERATE,Sobic.009G250700,p.Ala48Asp,1,0.10166408820679504
9,62386047,.,T,C,missense_variant,MODERATE,Sobic.009G250700,p.Val661Ala,1,0.09539948330071832
9,62146028,.,A,G,missense_variant,MODERATE,Sobic.009G248300,p.Leu484Pro,1,0.08972501583651908
9,62335923,.,G,T,missense_variant,MODERATE,Sobic.009G250000,p.Pro151His,1,0.08829507853257566
9,62408376,.,C,T,missense_variant,MODERATE,Sobic.009G251100,p.Gly525Arg,1,0.08225980401880384
9,62328735,.,A,G,missense_variant,MODERATE,Sobic.009G249900,p.Asn103Asp,1,0.023220974547409325
9,62236417,.,C,T,missense_variant,MODERATE,Sobic.009G249000,p.Arg23His,1,0.01771497699669917
9,62336463,.,T,TCTG,splice_region_variant,MODERATE,Sobic.009G250000,p.Lys29_Glu30insAla,1,0.015510404168323822
9,62344974,.,G,T,missense_variant,MODERATE,Sobic.009G250100,p.Gly271Val,1,0.015110358357038124
9,62345639,.,G,T,missense_variant,MODERATE,Sobic.009G250100,p.Ala493Ser,1,0.01412429702839293
9,62351739,.,C,G,missense_variant,MODERATE,Sobic.009G250200,p.Leu451Val,1,0.01355350068443096
9,62345448,.,C,A,missense_variant,MODERATE,Sobic.009G250100,p.Ser429Tyr,1,0.013547618864973987
9,62293040,.,G,T,missense_variant,MODERATE,Sobic.009G249700,p.Gly251Cys,1,0.01309699872839132
9,62345874,.,G,A,missense_variant,MODERATE,Sobic.009G250100,p.Ser571Asn,1,0.013065983090102038
9,62232041,.,G,T,missense_variant,MODERATE,Sobic.009G248900,p.Gly265Cys,1,0.012367674051172823
9,62329269,.,A,G,"missense_variant,splice_region_variant",MODERATE,Sobic.009G249900,p.Lys185Glu,1,0.011457437873223982
9,62387037,.,G,A,missense_variant,MODERATE,Sobic.009G250800,p.Pro424Ser,1,0.011103658764933405
9,62236358,.,G,C,missense_variant,MODERATE,Sobic.009G249000,p.Pro43Ala,1,0.01057885194179901
9,62336471,.,CATGAT,C,frameshift_variant,HIGH,Sobic.009G250000,p.Ile26fs,1,0.010439309646562204
9,62355865,.,G,C,missense_variant,MODERATE,Sobic.009G250300,p.Ser151Thr,1,0.010392139804724412
9,62224301,.,G,A,stop_gained,HIGH,Sobic.009G248802,p.Gln142*,1,0.010030647489112606
9,62219944,.,A,G,missense_variant,MODERATE,Sobic.009G248700,p.Ser32Gly,1,0.009495055968785129
9,62384570,.,G,T,missense_variant,MODERATE,Sobic.009G250700,p.Ala169Ser,1,0.009117545983804015
9,62385719,.,G,A,missense_variant,MODERATE,Sobic.009G250700,p.Glu552Lys,1,0.009107134747154416
9,62142879,.,GCTC,G,disruptive_inframe_deletion,MODERATE,Sobic.009G248200,p.Ala30_Arg31delinsGly,1,0.008430209041447069
9,62384683,.,C,G,missense_variant,MODERATE,Sobic.009G250700,p.His206Gln,1,0.007882298069656277
9,62349684,.,C,T,missense_variant,MODERATE,Sobic.009G250200,p.Ala2Val,1,0.007292130877754929
9,62172983,.,G,C,missense_variant,MODERATE,Sobic.009G248500,p.His14Asp,1,0.006384890369174454
9,62332608,.,T,C,missense_variant,MODERATE,Sobic.009G250000,p.Thr310Ala,1,0.006112612736788426
9,62479860,.,A,G,missense_variant,MODERATE,Sobic.009G251901,p.Thr53Ala,1,0.005857236624421789
9,62335881,.,C,A,missense_variant,MODERATE,Sobic.009G250000,p.Gly165Val,1,0.00583589336375478
9,62335996,.,C,T,missense_variant,MODERATE,Sobic.009G250000,p.Asp127Asn,1,0.005561874481454029
9,62236380,.,C,G,missense_variant,MODERATE,Sobic.009G249000,p.Gln35His,1,0.005505156878055463
9,62344421,.,GAGCAGC,G,disruptive_inframe_deletion,MODERATE,Sobic.009G250100,p.Gln89_Gln90del,1,0.005454671808482965
9,62306877,.,C,G,missense_variant,MODERATE,Sobic.009G249800,p.Ser248Thr,1,0.00510207246233673
9,62293091,.,T,G,missense_variant,MODERATE,Sobic.009G249700,p.Leu268Val,1,0.005054934763248645
9,62292969,.,A,G,missense_variant,MODERATE,Sobic.009G249700,p.Lys227Arg,1,0.005037351957108738
9,62291068,.,T,C,missense_variant,MODERATE,Sobic.009G249700,p.Ser61Pro,1,0.004980759134413797
9,62293552,.,G,A,missense_variant,MODERATE,Sobic.009G249700,p.Ala390Thr,1,0.004827527752864903
9,62294582,.,G,T,missense_variant,MODERATE,Sobic.009G249700,p.Arg733Ile,1,0.0048264071387907935
9,62295667,.,G,C,missense_variant,MODERATE,Sobic.009G249700,p.Ser843Thr,1,0.004599234995148793
9,62386188,.,A,G,missense_variant,MODERATE,Sobic.009G250700,p.His708Arg,1,0.0042698909682817345
9,62467661,.,A,G,missense_variant,MODERATE,Sobic.009G251600,p.Lys130Arg,1,0.004103770273240924
9,62467472,.,G,C,missense_variant,MODERATE,Sobic.009G251600,p.Glu100Gln,1,0.004001970729389984
9,62467860,.,G,A,missense_variant,MODERATE,Sobic.009G251600,p.Gly160Asp,1,0.003908047046395269
9,62374693,.,T,C,"missense_variant,splice_region_variant",MODERATE,Sobic.009G250400,p.Val128Ala,1,0.0038551753411172475
9,62392093,.,C,T,missense_variant,MODERATE,Sobic.009G250900,p.Gly513Ser,1,0.003796910868366141
9,62305641,.,A,C,missense_variant,MODERATE,Sobic.009G249800,p.Asn405Lys,1,0.003766593661295437
9,62345702,.,A,G,missense_variant,MODERATE,Sobic.009G250100,p.Thr514Ala,1,0.003667989287792107
9,62374687,.,G,C,missense_variant,MODERATE,Sobic.009G250400,p.Ser126Thr,1,0.0036376738005212492
9,62378484,.,G,A,missense_variant,MODERATE,Sobic.009G250500,p.Ala191Thr,1,0.0035888390031704764
9,62356461,.,A,G,missense_variant,MODERATE,Sobic.009G250300,p.Ile320Val,1,0.0035860748419389173
9,62375762,.,C,G,missense_variant,MODERATE,Sobic.009G250400,p.Gln382Glu,1,0.003486136178115129
9,62264522,.,G,A,missense_variant,MODERATE,Sobic.009G249400,p.Val359Met,1,0.0034758071690005016
9,62378344,.,T,C,missense_variant,MODERATE,Sobic.009G250500,p.Val144Ala,1,0.003327684695856124
9,62428661,.,A,C,missense_variant,MODERATE,Sobic.009G251200,p.Leu332Arg,1,0.0033266819074540704
9,62378421,.,C,T,missense_variant,MODERATE,Sobic.009G250500,p.Leu170Phe,1,0.0032877239346095644
9,62374507,.,A,AG,frameshift_variant,HIGH,Sobic.009G250400,p.Gln67fs,1,0.0032861624855225406
9,62409813,.,G,A,missense_variant,MODERATE,Sobic.009G251100,p.Ala274Val,1,0.003283981829071864
9,62378685,.,C,T,missense_variant,MODERATE,Sobic.009G250500,p.Arg258Cys,1,0.003275931025460068
9,62374480,.,C,G,missense_variant,MODERATE,Sobic.009G250400,p.Ala57Gly,1,0.003270508798101092
9,62378677,.,G,C,missense_variant,MODERATE,Sobic.009G250500,p.Ser255Thr,1,0.003268150502108202
9,62384547,.,C,T,missense_variant,MODERATE,Sobic.009G250700,p.Ala161Val,1,0.003245503720560083
9,62378208,.,G,A,missense_variant,MODERATE,Sobic.009G250500,p.Ala99Thr,1,0.003218625174493456
9,62378209,.,C,T,missense_variant,MODERATE,Sobic.009G250500,p.Ala99Val,1,0.003203127087793013
9,62378250,.,G,T,missense_variant,MODERATE,Sobic.009G250500,p.Ala113Ser,1,0.0031871605297172554
9,62378739,.,G,A,missense_variant,MODERATE,Sobic.009G250500,p.Val276Met,1,0.003148402728737787
9,62378255,.,G,GCTA,disruptive_inframe_insertion,MODERATE,Sobic.009G250500,p.Leu115dup,1,0.0031074462066563086
9,62378745,.,C,A,missense_variant,MODERATE,Sobic.009G250500,p.Leu278Ile,1,0.0030753243579716575
9,62378749,.,C,G,missense_variant,MODERATE,Sobic.009G250500,p.Ala279Gly,1,0.0030679644225346378
9,62214054,.,G,C,missense_variant,MODERATE,Sobic.009G248600,p.Val474Leu,1,0.003049500899670369
9,62213223,.,G,A,missense_variant,MODERATE,Sobic.009G248600,p.Asp197Asn,1,0.00304689608373926
9,62378551,.,TA,T,frameshift_variant,HIGH,Sobic.009G250500,p.Ala214fs,1,0.0030236953106628803
9,62378531,.,G,C,missense_variant,MODERATE,Sobic.009G250500,p.Glu206Asp,1,0.0030118482172814794
9,62236294,.,G,A,missense_variant,MODERATE,Sobic.009G249000,p.Pro64Leu,1,0.003003137707100424
9,62378755,.,GGC,G,frameshift_variant,HIGH,Sobic.009G250500,p.Pro282fs,1,0.0029607267624361683
9,62378759,.,GTAGTA,G,frameshift_variant,HIGH,Sobic.009G250500,p.Ter283fs,1,0.0027414448127931665
9,62378266,.,A,AGTC,disruptive_inframe_insertion,MODERATE,Sobic.009G250500,p.Ser119dup,1,0.00262732445288027
9,62378517,.,A,T,missense_variant,MODERATE,Sobic.009G250500,p.Thr202Ser,1,0.0026006022040243825
9,62136435,.,A,T,missense_variant,MODERATE,Sobic.009G248100,p.Ser67Thr,1,0.002502686173005316
9,62378527,.,C,G,missense_variant,MODERATE,Sobic.009G250500,p.Ala205Gly,1,0.0025025254277677034
9,62378501,.,A,C,missense_variant,MODERATE,Sobic.009G250500,p.Arg196Ser,1,0.002501066124697872
9,62378511,.,T,G,missense_variant,MODERATE,Sobic.009G250500,p.Ser200Ala,1,0.002501066124697872
9,62378508,.,GT,G,frameshift_variant,HIGH,Sobic.009G250500,p.Val199fs,1,0.0024950781422396926
9,62378504,.,CGT,C,frameshift_variant,HIGH,Sobic.009G250500,p.Val198fs,1,0.0024891116395846496
9,62378525,.,C,CGTT,disruptive_inframe_insertion,MODERATE,Sobic.009G250500,p.Ser204_Ala205insVal,1,0.0024348808537439813
9,62378033,.,GCT,G,frameshift_variant,HIGH,Sobic.009G250500,p.Leu41fs,1,0.0023429053923112067
9,62378036,.,GTC,G,frameshift_variant,HIGH,Sobic.009G250500,p.Ser42fs,1,0.00232032876710345
9,62378040,.,G,GGC,frameshift_variant,HIGH,Sobic.009G250500,p.Ala43fs,1,0.00232032876710345
9,62378053,.,G,GTCCC,frameshift_variant,HIGH,Sobic.009G250500,p.Ala48fs,1,0.002275942418249156
9,62378048,.,GTC,G,frameshift_variant,HIGH,Sobic.009G250500,p.Ser46fs,1,0.002275942418249156
9,62380080,.,T,G,missense_variant,MODERATE,Sobic.009G250600,p.Leu87Arg,1,0.002264301987316211
9,62374401,.,G,A,missense_variant,MODERATE,Sobic.009G250400,p.Gly31Ser,1,0.0022637238256932733
9,62378273,.,G,C,missense_variant,MODERATE,Sobic.009G250500,p.Gln120His,1,0.00218460259894124
9,62336545,.,CATGCATGCAG,C,frameshift_variant,HIGH,Sobic.009G250000,p.Met1fs,1,0.002101734237335079
9,62219929,.,C,CA,frameshift_variant,HIGH,Sobic.009G248700,p.Arg27fs,1,0.002052249233748803
9,62429347,.,T,C,missense_variant,MODERATE,Sobic.009G251200,p.Ile103Met,1,0.0020153692398898727
9,62433049,.,G,T,missense_variant,MODERATE,Sobic.009G251300,p.Gln95Lys,1,0.00201266263913499
9,62469996,.,C,T,missense_variant,MODERATE,Sobic.009G251700,p.Gly187Arg,1,0.001929349954174852
9,62470005,.,T,C,missense_variant,MODERATE,Sobic.009G251700,p.Thr184Ala,1,0.0018954904883605756
9,62473479,.,CGCCCGCGCT,C,disruptive_inframe_deletion,MODERATE,Sobic.009G251800,p.Pro9_Leu11del,1,0.0018734535173538479
9,62470211,.,T,C,missense_variant,MODERATE,Sobic.009G251700,p.Asp146Gly,1,0.0018470202083997233
9,62470156,.,G,T,missense_variant,MODERATE,Sobic.009G251700,p.Phe164Leu,1,0.0018354884634843554
9,62433193,.,G,A,missense_variant,MODERATE,Sobic.009G251300,p.Arg47Trp,1,0.0017694255584572809
9,62143051,.,C,G,stop_gained,HIGH,Sobic.009G248200,p.Ser87*,1,0.001719048094253217
9,62214506,.,C,G,missense_variant,MODERATE,Sobic.009G248600,p.Ala590Gly,1,0.0015348891233919765
9,62407785,.,T,A,missense_variant,MODERATE,Sobic.009G251100,p.Gln625His,1,0.0006896701203972412
9,62399798,.,G,T,missense_variant,MODERATE,Sobic.009G251000,p.Asp77Tyr,1,0.0005930237945346983
9,62374407,.,A,G,missense_variant,MODERATE,Sobic.009G250400,p.Ser33Gly,1,0.0004227715668496288
9,62380403,.,G,A,missense_variant,MODERATE,Sobic.009G250600,p.Val195Ile,1,0.00034678778587029265
9,62349688,.,C,A,missense_variant,MODERATE,Sobic.009G250200,p.Ser3Arg,1,0.0003030226611197043
9,62143029,.,C,T,missense_variant,MODERATE,Sobic.009G248200,p.Arg80Cys,1,0.00013447018375108122
9,62221114,.,T,G,missense_variant,MODERATE,Sobic.009G248700,p.Ser422Ala,1,5.42949597876867e-05
9,62381073,.,C,A,missense_variant,MODERATE,Sobic.009G250650,p.Ala106Glu,1,1.3153330531008304e-05
9,62172700,.,A,G,missense_variant,MODERATE,Sobic.009G248500,p.Val108Ala,1,3.998207496267727e-07
