POS,REF,ALT,IMPACTS,GENES,HGVS_P,r2_lead
58388440,C,A,MODERATE,Sobic.006G223800,p.Ser545Arg,0.687
58470073,C,T,MODERATE,Sobic.006G225000,p.His184Tyr,0.622
58391316,C,G,MODERATE,Sobic.006G223850,p.Pro132Arg,0.611
58390966,T,TGTTG,HIGH,Sobic.006G223850,p.Ala17fs,0.513
58496858,T,G,MODERATE,Sobic.006G225400,p.Met338Leu,0.478
58392687,C,T,MODERATE,Sobic.006G223850,p.Leu589Phe,0.342
58450744,T,C,MODERATE,Sobic.006G224600,p.Val163Ala,0.328
58576992,C,A,MODERATE,Sobic.006G226700,p.Thr8Lys,0.305
58577001,T,C,MODERATE,Sobic.006G226700,p.Leu11Pro,0.305
58450603,G,A,MODERATE,Sobic.006G224600,p.Gly116Asp,0.301
58450677,G,C,MODERATE,Sobic.006G224600,p.Glu141Gln,0.3
58450672,T,C,MODERATE,Sobic.006G224600,p.Val139Ala,0.292
58498278,T,C,MODERATE,Sobic.006G225400,p.Ile234Val,0.212
58385099,G,A,MODERATE,Sobic.006G223800,p.Arg68Gln,0.178
58382996,G,T,MODERATE,Sobic.006G223700,p.Leu20Ile,0.175
58382493,A,ACG,HIGH,Sobic.006G223700,p.Leu143fs,0.149
58382494,A,AC,HIGH,Sobic.006G223700,p.Leu143fs,0.149
58382785,CGACCGGGGACATCCAGGTGAGCTGCAGCTTGTACTGCTGGAAGAT,C,HIGH,Sobic.006G223700,p.Gln34_Val46del,0.149
58382498,GCCACCCTT,G,HIGH,Sobic.006G223700,p.Lys139fs,0.149
58382547,T,C,MODERATE,Sobic.006G223700,p.Asp125Gly,0.148
58382542,C,T,MODERATE,Sobic.006G223700,p.Ala127Thr,0.148
58387569,A,T,MODERATE,Sobic.006G223800,p.Gln255Leu,0.143
58382628,C,T,MODERATE,Sobic.006G223700,p.Arg98Gln,0.142
58554132,T,C,MODERATE,Sobic.006G226200,p.Ile326Val,0.109
58552600,C,T,MODERATE,Sobic.006G226200,p.Arg553Gln,0.108
58555613,G,C,MODERATE,Sobic.006G226200,p.Ala54Gly,0.108
58552309,T,C,MODERATE,Sobic.006G226200,p.Thr620Ala,0.106
58553954,T,C,MODERATE,Sobic.006G226200,p.Glu361Gly,0.102
58592624,G,A,MODERATE,Sobic.006G227000,p.Glu261Lys,0.061
58592687,C,G,MODERATE,Sobic.006G227000,p.His282Asp,0.059
58570083,A,C,MODERATE,Sobic.006G226566,p.Leu84Val,0.057
58480907,C,A,MODERATE,Sobic.006G225200,p.Thr197Lys,0.056
58494020,A,G,MODERATE,Sobic.006G225300,p.Ile241Val,0.056
58480828,A,C,MODERATE,Sobic.006G225200,p.Met171Leu,0.055
58577840,C,G,MODERATE,Sobic.006G226700,p.Gln103Glu,0.046
58504450,C,T,MODERATE,Sobic.006G225550,p.Gly136Glu,0.041
58458119,A,T,MODERATE,Sobic.006G224800,p.Leu638Gln,0.04
58458123,G,C,MODERATE,Sobic.006G224800,p.Gln637Glu,0.04
58459046,T,C,MODERATE,Sobic.006G224800,p.Ile384Val,0.04
58516659,T,C,MODERATE,Sobic.006G225700,p.Ile480Val,0.04
58456677,C,A,MODERATE,Sobic.006G224800,p.Ala977Ser,0.04
58516614,C,G,MODERATE,Sobic.006G225700,p.Glu495Gln,0.04
58457378,G,T,MODERATE,Sobic.006G224800,p.Thr885Asn,0.039
58458815,T,C,MODERATE,Sobic.006G224800,p.Thr434Ala,0.039
58516879,C,A,MODERATE,Sobic.006G225700,p.Arg406Ser,0.038
58457547,C,A,MODERATE,Sobic.006G224800,p.Ala829Ser,0.038
58392709,C,CGTGCA,HIGH,Sobic.006G223850,p.Gly599fs,0.038
58516880,C,T,MODERATE,Sobic.006G225700,p.Arg406Lys,0.038
58459523,CT,C,HIGH,Sobic.006G224800,.,0.038
58516548,A,G,MODERATE,Sobic.006G225700,p.Cys517Arg,0.037
58579031,T,G,MODERATE,Sobic.006G226700,p.Leu340Val,0.035
58499421,G,A,MODERATE,Sobic.006G225400,p.Pro44Leu,0.032
58592029,G,C,MODERATE,Sobic.006G227000,p.Glu155Asp,0.032
58532910,G,T,MODERATE,Sobic.006G225800,p.Leu23Met,0.028
58573040,G,A,MODERATE,Sobic.006G226632,p.His39Tyr,0.023
58569981,G,A,MODERATE,Sobic.006G226566,p.Arg118Cys,0.023
58570109,A,G,MODERATE,Sobic.006G226566,p.Leu75Pro,0.023
58569995,A,G,MODERATE,Sobic.006G226566,p.Leu113Ser,0.023
58573087,C,T,MODERATE,Sobic.006G226632,p.Gly23Asp,0.022
58572999,C,T,HIGH,Sobic.006G226632,.,0.022
58573012,G,T,MODERATE,Sobic.006G226632,p.Pro48His,0.022
58570039,GCGGGCAAGA,G,MODERATE,Sobic.006G226566,p.Leu96_Arg98del,0.022
58570077,A,G,MODERATE,Sobic.006G226566,p.Trp86Arg,0.021
58570080,C,T,MODERATE,Sobic.006G226566,p.Gly85Ser,0.021
58563036,G,A,MODERATE,Sobic.006G226300,p.Val475Ile,0.019
58563350,C,G,MODERATE,Sobic.006G226300,p.Ala551Gly,0.018
58380234,G,T,MODERATE,Sobic.006G223601,p.Thr464Lys,0.014
58379498,C,T,MODERATE,Sobic.006G223601,p.Arg667His,0.014
58560936,T,C,MODERATE,Sobic.006G226300,p.Leu182Ser,0.014
58560938,T,A,MODERATE,Sobic.006G226300,p.Ser183Thr,0.014
58545315,A,C,MODERATE,Sobic.006G226100,p.Ser101Arg,0.014
58379670,C,T,MODERATE,Sobic.006G223601,p.Asp610Asn,0.013
58546355,G,T,MODERATE,Sobic.006G226100,p.Phe26Leu,0.013
58343855,G,A,MODERATE,Sobic.006G223200,p.Ser212Asn,0.012
58343271,T,C,MODERATE,Sobic.006G223200,p.Cys172Arg,0.012
58543228,TCTG,T,MODERATE,Sobic.006G226000,p.Ala43del,0.011
58543247,C,T,MODERATE,Sobic.006G226000,p.Asp38Asn,0.011
58343254,A,C,MODERATE,Sobic.006G223200,p.Asp166Ala,0.01
58334743,A,C,MODERATE,Sobic.006G223101,p.Lys840Gln,0.01
58346700,G,T,MODERATE,Sobic.006G223200,p.Ser578Ile,0.01
58346312,A,T,MODERATE,Sobic.006G223200,p.Gln482Leu,0.009
58332215,T,G,MODERATE,Sobic.006G223101,p.Phe110Val,0.009
58332850,C,A,MODERATE,Sobic.006G223101,p.Leu223Ile,0.008
58332824,A,G,MODERATE,Sobic.006G223101,p.Asp214Gly,0.008
58332803,A,C,MODERATE,Sobic.006G223101,p.Asn207Thr,0.008
58332866,C,A,MODERATE,Sobic.006G223101,p.Thr228Lys,0.008
58332896,C,CTGA,MODERATE,Sobic.006G223101,p.Thr238_Glu239insAsp,0.007
58332894,C,A,MODERATE,Sobic.006G223101,p.Asp237Glu,0.007
58333649,C,A,MODERATE,Sobic.006G223101,p.Pro489His,0.006
58336464,G,C,MODERATE,Sobic.006G223101,p.Ala1399Pro,0.005
58334212,G,A,MODERATE,Sobic.006G223101,p.Asp663Asn,0.005
58332426,G,A,MODERATE,Sobic.006G223101,p.Cys163Tyr,0.005
58332739,T,G,MODERATE,Sobic.006G223101,p.Ser186Ala,0.005
58342477,C,CGT,HIGH,Sobic.006G223200,p.Lys53fs,0.005
58342478,CA,C,HIGH,Sobic.006G223200,p.Lys53fs,0.005
58333658,T,A,HIGH,Sobic.006G223101,p.Leu492*,0.005
58391084,C,G,MODERATE,Sobic.006G223850,p.Leu55Val,0.005
58332714,G,A,HIGH,Sobic.006G223101,.,0.005
58333668,G,T,MODERATE,Sobic.006G223101,p.Glu495Asp,0.005
58392319,T,A,MODERATE,Sobic.006G223850,p.Met466Lys,0.004
58392189,C,A,MODERATE,Sobic.006G223850,p.Pro423Thr,0.004
58474907,A,T,MODERATE,Sobic.006G225100,p.Leu358Met,0.004
58350456,A,C,MODERATE,Sobic.006G223300,p.Val286Gly,0.004
58350483,A,G,MODERATE,Sobic.006G223300,p.Val277Ala,0.004
58334551,A,G,MODERATE,Sobic.006G223101,p.Lys776Glu,0.003
58591904,A,G,MODERATE,Sobic.006G227000,p.Arg114Gly,0.003
58610055,G,A,MODERATE,Sobic.006G227200,p.Val105Ile,0.003
58610064,A,T,MODERATE,Sobic.006G227200,p.Thr108Ser,0.003
58381051,C,T,MODERATE,Sobic.006G223601,p.Val192Ile,0.003
58528635,C,A,MODERATE,Sobic.006G225750,p.Gly126Val,0.003
58528672,A,G,MODERATE,Sobic.006G225750,p.Ser114Pro,0.003
58385224,C,T,MODERATE,Sobic.006G223800,p.Leu110Phe,0.003
58391310,T,C,MODERATE,Sobic.006G223850,p.Leu130Ser,0.003
58334536,A,G,MODERATE,Sobic.006G223101,p.Ile771Val,0.003
58588125,A,G,MODERATE,Sobic.006G226900,p.Asn116Asp,0.002
58545386,T,A,MODERATE,Sobic.006G226100,p.Ser78Cys,0.002
58446922,A,T,MODERATE,Sobic.006G224500,p.Lys63Met,0.002
58353385,T,C,MODERATE,Sobic.006G223300,p.Ser29Gly,0.002
58350304,G,T,MODERATE,Sobic.006G223300,p.Leu337Met,0.002
58332745,T,G,MODERATE,Sobic.006G223101,p.Ser188Ala,0.002
58332842,A,AG,HIGH,Sobic.006G223101,p.Arg221fs,0.002
58332862,T,C,MODERATE,Sobic.006G223101,p.Trp227Arg,0.002
58334260,A,G,MODERATE,Sobic.006G223101,p.Thr679Ala,0.002
58334875,C,T,HIGH,Sobic.006G223101,p.Arg884*,0.002
58336839,G,T,MODERATE,Sobic.006G223101,p.Gly1524Cys,0.002
58336849,T,G,MODERATE,Sobic.006G223101,p.Ile1527Ser,0.002
58336884,A,G,MODERATE,Sobic.006G223101,p.Asn1539Asp,0.002
58336885,A,C,MODERATE,Sobic.006G223101,p.Asn1539Thr,0.002
58342476,T,TC,HIGH,Sobic.006G223200,p.Lys53fs,0.002
58349431,T,C,MODERATE,Sobic.006G223300,p.His498Arg,0.002
58349705,T,C,MODERATE,Sobic.006G223300,p.Asn460Ser,0.002
58349989,A,G,MODERATE,Sobic.006G223300,p.Val397Ala,0.002
58350169,C,T,MODERATE,Sobic.006G223300,p.Val382Met,0.002
58617516,T,G,MODERATE,Sobic.006G227300,p.Asn171Lys,0.002
58458785,A,T,MODERATE,Sobic.006G224800,p.Ser444Thr,0.002
58516183,A,G,MODERATE,Sobic.006G225700,p.Ser604Pro,0.002
58384851,C,T,MODERATE,Sobic.006G223800,p.Pro25Leu,0.002
58387533,C,G,MODERATE,Sobic.006G223800,p.Pro243Arg,0.002
58387694,C,T,MODERATE,Sobic.006G223800,p.Arg297Cys,0.002
58388234,ATGGAAG,A,MODERATE,Sobic.006G223800,p.Met477_Val479delinsIle,0.002
58423514,G,T,MODERATE,Sobic.006G224000,p.Ala163Glu,0.002
58427102,T,C,MODERATE,Sobic.006G224100,p.Ile944Val,0.002
58332350,G,A,HIGH,Sobic.006G223101,.,0.002
58528273,A,C,MODERATE,Sobic.006G225750,p.Ser175Ala,0.001
58528242,T,C,MODERATE,Sobic.006G225750,p.Asn185Ser,0.001
58518310,G,T,HIGH,Sobic.006G225700,p.Ser230*,0.001
58532835,A,G,MODERATE,Sobic.006G225800,p.Tyr48His,0.001
58481122,A,G,MODERATE,Sobic.006G225200,p.Asn269Asp,0.001
58336436,G,T,MODERATE,Sobic.006G223101,p.Glu1389Asp,0.001
58481110,C,G,MODERATE,Sobic.006G225200,p.Leu265Val,0.001
58361846,AT,A,HIGH,Sobic.006G223401,p.Ile64fs,0.001
58532490,AG,A,HIGH,Sobic.006G225800,p.Phe163fs,0.0
